,1,MSE_NN,MSE_SAE,MSE_LR,MSE_LR_lasso,true_ATE_NN,true_ATE_SAE,true_ATE_LR,true_ATE_LR_Lasso,predicted_ATE_NN,predicted_ATE_SAE,predicted_ATE_LR,predicted_ATE_LR_Lasso
0,1,2.082293522041854,2.2070093983682786,2.349600103507086,2.351695849284138,4.168688582333334,4.168688582333334,4.168688582333334,4.168688582333334,4.122848658561707,3.864215850830078,3.4628258725007375,3.453616637388865
