,1,MSE_NN,MSE_SAE,MSE_LR,MSE_LR_lasso,true_ATE_NN,true_ATE_SAE,true_ATE_LR,true_ATE_LR_Lasso,predicted_ATE_NN,predicted_ATE_SAE,predicted_ATE_LR,predicted_ATE_LR_Lasso,2,3
0,1.0,2.213263909281413,1.9732150298170648,3.1860872476180058,2.9962645074483265,4.168688582333334,4.168688582333334,4.168688582333334,4.168688582333334,4.144937613805135,3.7908455574512483,3.0485114431381226,3.1047326143582663,,
1,,2.115752290677166,1.8903564185374342,2.9657555806031755,2.790520281060529,4.168688582333334,4.168688582333334,4.168688582333334,4.168688582333334,3.9384101780255634,3.819082098007202,3.109378464221954,3.2209632976849876,2.0,
2,,2.073718249003066,1.9347766857122577,3.052879981466216,2.1625945569424383,4.168688582333334,4.168688582333334,4.168688582333334,4.168688582333334,4.2021696706612905,3.991958955128988,3.0678483760356903,3.817572520573934,,3.0
