,iter_id,MSE_NN,MSE_SAE_e2e,MSE_SAE_stacked_all_layer_active,MSE_SAE_stacked_cur_layer_active,MSE_LR,MSE_LR_lasso,true_ATE_NN,true_ATE_SAE_e2e,true_ATE_SAE_stacked_all_layer_active,true_ATE_SAE_stacked_cur_layer_active,true_ATE_LR,true_ATE_LR_Lasso,predicted_ATE_NN,predicted_ATE_SAE_e2e,predicted_ATE_SAE_stacked_all_layer_active,predicted_ATE_SAE_stacked_cur_layer_active,predicted_ATE_LR,predicted_ATE_LR_Lasso
0,1,1.8466048514170488,2.1868701527711756,2.197361677446299,2.381684172379274,3.353062277400901,4.5407668174526545,4.168688582333334,4.168688582333334,4.168688582333334,4.168688582333334,4.168688582333334,4.168688582333334,4.102391137282054,3.7947558665275576,4.247561817169189,3.7496633958816528,3.0979929876327517,2.6371207157770793
