,iter_id,MSE_NN,MSE_SAE_e2e,MSE_SAE_stacked_all_layer_active,MSE_SAE_stacked_cur_layer_active,MSE_LR,MSE_LR_lasso,true_ATE_NN,true_ATE_SAE_e2e,true_ATE_SAE_stacked_all_layer_active,true_ATE_SAE_stacked_cur_layer_active,true_ATE_LR,true_ATE_LR_Lasso,predicted_ATE_NN,predicted_ATE_SAE_e2e,predicted_ATE_SAE_stacked_all_layer_active,predicted_ATE_SAE_stacked_cur_layer_active,predicted_ATE_LR,predicted_ATE_LR_Lasso
0,1,3.2490697470485754,3.4917505980672194,2.9917772544817494,2.7852336456201283,9.18679766178319,9.142472546608445,4.110285858173334,4.110285858173334,4.110285858173334,4.110285858173334,4.110285858173334,4.110285858173334,3.567965183258057,3.7336677519480386,3.6516650025049846,3.7284000953038534,1.6130675196647644,1.6147444089253744
