,iter_id,MSE_NN,MSE_SAE_e2e,MSE_SAE_stacked_all_layer_active,MSE_SAE_stacked_cur_layer_active,MSE_LR,MSE_LR_lasso,true_ATE_NN,true_ATE_SAE_e2e,true_ATE_SAE_stacked_all_layer_active,true_ATE_SAE_stacked_cur_layer_active,true_ATE_LR,true_ATE_LR_Lasso,predicted_ATE_NN,predicted_ATE_SAE_e2e,predicted_ATE_SAE_stacked_all_layer_active,predicted_ATE_SAE_stacked_cur_layer_active,predicted_ATE_LR,predicted_ATE_LR_Lasso
0,1,2.2405240993039395,2.3022147672935938,2.1785347511963837,2.3564273834284153,5.469837071808553,7.4721251606002,4.184252291646665,4.184252291646665,4.184252291646665,4.184252291646665,4.184252291646665,4.184252291646665,3.975634271899859,3.7634984479347864,4.2882126009464265,4.060693066517512,2.4022046740849814,1.9268650364875795
