,SAE_e2e_ate_pred,SAE_e2e_att_pred,SAE_e2e_bias_att,SAE_e2e_atc_pred,SAE_e2e_policy_value,SAE_e2e_policy_risk,SAE_e2e_err_fact
0,-0.006944444444444444,0.016666666666666666,0.0761904761904762,-0.023809523809523808,0.685681216931217,0.314318783068783,0.16199376947040497
